atividade_id,turma_id,titulo,descricao,data_entrega
1,101,Trabalho 1 - morph innovative deliverables,Corporis ad corrupti atque dolor optio molestias hic. Unde sit temporibus adipisci aspernatur. Rem totam excepturi nesciunt sed nobis.,2025-10-17
2,101,Trabalho 2 - e-enable integrated metrics,Reprehenderit cumque inventore culpa libero rerum. Optio iure minima labore blanditiis iste vitae.,2025-10-12
3,101,Trabalho 3 - syndicate innovative methodologies,Eligendi temporibus ad autem iste dolore. Temporibus consequuntur tempore temporibus explicabo delectus. Perspiciatis iste quasi eligendi.,2025-09-29
4,102,Trabalho 1 - utilize frictionless e-commerce,Doloribus ipsa odio non reprehenderit quos. Placeat quod esse incidunt assumenda. Delectus repellendus animi dolores.,2025-10-26
5,102,Trabalho 2 - whiteboard plug-and-play technologies,Tempora vero molestiae perferendis suscipit deserunt. Debitis architecto nisi eius dolores consequuntur dolorem. Minima repellendus cum cupiditate culpa tempore dignissimos.,2025-10-08
6,102,Trabalho 3 - syndicate extensible mindshare,Magni est nostrum ipsa repellendus autem possimus. In culpa accusamus provident eos.,2025-11-06
7,103,Trabalho 1 - engage dot-com applications,Sed doloremque quam. Aliquid debitis tempora tenetur.,2025-10-27
8,104,Trabalho 1 - iterate customized action-items,Perspiciatis earum natus ex placeat. Voluptatibus illum doloremque accusamus. Architecto dicta suscipit autem excepturi.,2025-11-04
9,105,Trabalho 1 - matrix integrated portals,Minus earum rerum consequatur est sint. Deserunt architecto magni voluptatem vero. Corporis tenetur nesciunt atque porro tempore. Reiciendis tenetur nesciunt eaque ab quam excepturi illum.,2025-09-25
10,105,Trabalho 2 - disintermediate leading-edge web-readiness,Suscipit natus blanditiis hic alias quo. Reprehenderit cum vel maxime ad amet a. Voluptatibus occaecati fuga accusamus.,2025-10-04
11,106,Trabalho 1 - deploy scalable architectures,Temporibus eaque nisi aliquid ab. Repellendus itaque nostrum consequatur maxime in. Expedita mollitia error consequatur a. Adipisci nobis nulla labore mollitia.,2025-10-15
12,107,Trabalho 1 - leverage turn-key e-markets,Dolorum id commodi velit cum dignissimos. Ipsum voluptates porro consequuntur odit fugiat odio. Ab dolore voluptatem.,2025-10-23
13,108,Trabalho 1 - implement 24/365 solutions,Perferendis ratione cupiditate fuga magnam. Eos atque maxime voluptas excepturi a autem.,2025-11-03
14,108,Trabalho 2 - orchestrate granular initiatives,Beatae non vel ipsam modi ut id. Omnis reiciendis quasi iure ducimus laborum. Voluptatum asperiores laborum quae minus vitae natus beatae. Rem qui sint.,2025-10-31
15,109,Trabalho 1 - leverage scalable eyeballs,Vitae adipisci culpa eius praesentium quia. Debitis esse expedita molestias adipisci unde beatae.,2025-10-10
16,109,Trabalho 2 - drive frictionless networks,Repellat voluptatum aut occaecati mollitia velit nisi sapiente. Qui aperiam atque perspiciatis.,2025-10-30
17,109,Trabalho 3 - generate interactive models,Eos non voluptatum magni rem nulla beatae. Odio officia voluptatibus molestiae dignissimos. Ad quasi impedit velit facere laudantium nesciunt.,2025-10-23
18,110,Trabalho 1 - harness interactive systems,Architecto recusandae repellendus quisquam doloremque ipsam veniam. Omnis dignissimos praesentium reprehenderit.,2025-10-24
19,110,Trabalho 2 - enable web-enabled technologies,Provident rerum iure sit soluta voluptas. Quos rerum eaque. Non harum laboriosam dignissimos.,2025-10-13
20,110,Trabalho 3 - orchestrate transparent relationships,Officiis accusantium soluta velit molestiae eos. Sunt rem architecto ratione dolores.,2025-11-09
21,111,Trabalho 1 - re-contextualize distributed initiatives,Nulla tenetur eaque magni consequuntur dolores cupiditate. Dignissimos corporis natus inventore.,2025-10-03
22,111,Trabalho 2 - incubate cutting-edge markets,Debitis harum fugiat praesentium quisquam inventore quibusdam. Voluptatum libero modi nesciunt nesciunt. Sapiente facere debitis culpa provident neque.,2025-10-09
23,111,Trabalho 3 - productize cutting-edge info-mediaries,Omnis consectetur eligendi ab eaque. Nam culpa doloribus veritatis nobis.,2025-11-03
24,112,Trabalho 1 - embrace distributed paradigms,Alias doloribus nisi nihil minus modi possimus officia. Porro esse facilis porro. Perferendis quis suscipit harum illum non.,2025-10-24
25,112,Trabalho 2 - target frictionless applications,Commodi distinctio voluptas ut cupiditate laborum voluptas repudiandae.,2025-10-08
26,112,Trabalho 3 - aggregate plug-and-play platforms,Cumque iure explicabo aspernatur neque repellendus maxime. Molestias sequi necessitatibus explicabo possimus porro. Expedita fuga sint quo eveniet suscipit laborum quidem.,2025-10-18
27,113,Trabalho 1 - implement customized paradigms,Itaque cumque porro atque possimus sequi mollitia. Esse facilis neque ipsa pariatur vel veniam at. Libero exercitationem expedita.,2025-09-26
28,113,Trabalho 2 - re-contextualize leading-edge action-items,Labore molestias perspiciatis ipsam. Recusandae tenetur velit sed officiis dolorum aut.,2025-10-13
29,114,Trabalho 1 - maximize bleeding-edge content,Voluptatem nesciunt mollitia cum. Odio velit odio sed quasi odit.,2025-10-20
30,115,Trabalho 1 - incubate innovative experiences,Blanditiis enim possimus delectus. Dolore dolorum accusantium tempora expedita ex consequuntur.,2025-11-07
31,115,Trabalho 2 - repurpose ubiquitous technologies,Aspernatur hic ea. Aut minima soluta nesciunt.,2025-10-04
32,115,Trabalho 3 - re-contextualize robust supply-chains,Esse et necessitatibus optio. Saepe omnis omnis culpa ut. Cupiditate dolorem dolores vel quas sed.,2025-10-23
33,116,Trabalho 1 - brand B2B e-tailers,Nisi officia accusantium est dolores quis. Nam fugiat dolore maxime veritatis. Consequuntur sequi ipsam provident.,2025-10-17
34,117,Trabalho 1 - orchestrate web-enabled eyeballs,Optio doloribus tenetur ducimus dolore ducimus nulla. Quo dolores ipsum accusantium id.,2025-10-09
35,117,Trabalho 2 - transition vertical supply-chains,Accusantium ullam ea a.,2025-09-27
36,118,Trabalho 1 - integrate clicks-and-mortar e-markets,Sunt in inventore ratione magnam nihil rerum. Eos aut assumenda.,2025-10-18
37,118,Trabalho 2 - grow transparent applications,Quaerat magni eius laborum quam quibusdam debitis. Voluptates ab totam dolores veritatis nesciunt recusandae.,2025-10-05
38,118,Trabalho 3 - innovate out-of-the-box interfaces,Placeat officiis delectus voluptatum magnam repellat deleniti officia. Laboriosam perferendis optio. Optio quod fugiat.,2025-10-01
39,119,Trabalho 1 - grow strategic channels,Officiis enim perferendis molestias amet natus assumenda deleniti. Voluptatem sequi quas deleniti labore labore ipsum natus. Perferendis maiores quidem earum.,2025-11-03
40,119,Trabalho 2 - embrace collaborative initiatives,Suscipit quas dolores. Porro sunt tenetur iure.,2025-10-07
41,120,Trabalho 1 - redefine robust mindshare,Animi eveniet error voluptas. Accusantium aperiam eos iure quam in.,2025-11-09
42,121,Trabalho 1 - e-enable B2B e-business,Nemo accusamus excepturi. Laboriosam voluptatibus nobis fuga est illum nisi nobis.,2025-10-23
43,121,Trabalho 2 - implement rich architectures,Esse in quam facere molestias mollitia natus dicta. Deleniti veniam necessitatibus id. Ipsa tempore alias minima rem laboriosam. Tempore perferendis nihil magni.,2025-10-23
44,121,Trabalho 3 - expedite impactful partnerships,Molestias in blanditiis fugiat explicabo. Illo ipsam quam mollitia sapiente.,2025-10-09
45,122,Trabalho 1 - streamline magnetic e-markets,Consequatur tempore minus reprehenderit incidunt pariatur accusantium.,2025-11-06
46,123,Trabalho 1 - transform user-centric paradigms,Necessitatibus reprehenderit fugit est dolorem iusto dolore. Autem nulla rerum qui consequuntur eligendi.,2025-10-23
47,124,Trabalho 1 - re-intermediate synergistic convergence,Minus qui dolorum doloribus natus harum consectetur. Nostrum itaque quasi vitae. Voluptatibus nostrum ut veritatis accusamus animi.,2025-11-06
48,124,Trabalho 2 - innovate impactful e-services,Adipisci est eveniet aperiam occaecati necessitatibus reprehenderit. Iure dignissimos voluptates recusandae autem in. Ipsa quas praesentium molestiae corporis blanditiis.,2025-10-16
49,125,Trabalho 1 - drive turn-key web services,Odio veniam dolorem. Iusto itaque aliquam adipisci quia beatae.,2025-10-14
50,125,Trabalho 2 - empower cutting-edge solutions,Tempore odio ipsa quaerat voluptatem cupiditate voluptas. Recusandae iure odit fugiat. Quaerat itaque impedit in eligendi eaque eum.,2025-10-03
51,125,Trabalho 3 - orchestrate B2C action-items,Quos sit illum earum illum. Fuga quae laudantium itaque.,2025-10-13
52,126,Trabalho 1 - scale B2B web services,Ipsa exercitationem dolore quo. Vero praesentium labore ipsam nam.,2025-10-17
53,127,Trabalho 1 - utilize front-end platforms,Tempora cum cupiditate natus molestias debitis laboriosam id. Earum facilis praesentium impedit. Optio eos sint nobis aliquid beatae.,2025-09-27
54,127,Trabalho 2 - iterate out-of-the-box e-business,Molestias pariatur qui architecto quia ipsa et. Nam veniam cumque molestias magnam. Repellendus odit iusto temporibus sint.,2025-10-17
55,128,Trabalho 1 - integrate scalable markets,Dolor iusto atque mollitia dolores. Omnis qui temporibus asperiores. Sunt autem laborum deleniti fuga quaerat doloremque consequatur.,2025-10-07
56,128,Trabalho 2 - seize frictionless partnerships,Odit ullam modi suscipit assumenda sed maiores. Recusandae accusantium sequi saepe explicabo.,2025-11-03
57,128,Trabalho 3 - whiteboard value-added models,Sunt voluptatum suscipit voluptates sapiente atque. Vel incidunt doloribus vitae.,2025-10-04
58,129,Trabalho 1 - re-contextualize user-centric communities,Cupiditate debitis reprehenderit.,2025-10-17
59,129,Trabalho 2 - revolutionize extensible systems,Voluptates officia corrupti voluptatem deleniti quaerat. Voluptate assumenda totam aut.,2025-11-01
60,129,Trabalho 3 - incentivize open-source markets,Voluptates atque provident excepturi consectetur excepturi nisi. Accusantium nostrum excepturi iure assumenda. Cupiditate dolores sunt neque.,2025-11-06
61,130,Trabalho 1 - exploit cutting-edge architectures,Sapiente ratione non alias sint. Veritatis distinctio totam dolorum animi voluptatibus.,2025-10-18
62,130,Trabalho 2 - incentivize integrated content,Hic voluptate quam quia esse facere. Saepe deserunt sapiente officia eligendi.,2025-11-05
63,130,Trabalho 3 - innovate extensible paradigms,Iusto ea dignissimos voluptate similique magni. Earum assumenda recusandae mollitia quia.,2025-10-13
64,131,Trabalho 1 - exploit end-to-end users,Ad debitis aut vero.,2025-10-11
65,131,Trabalho 2 - engineer interactive channels,Necessitatibus voluptatem quia blanditiis accusantium. Nihil cupiditate voluptatibus labore. Iure error nam error facere ipsa.,2025-10-02
66,132,Trabalho 1 - unleash B2B metrics,Minima non incidunt veritatis voluptates. Quas distinctio vitae eaque.,2025-11-01
67,132,Trabalho 2 - architect web-enabled info-mediaries,Illo exercitationem reiciendis quaerat sapiente. Adipisci dicta iure. Nesciunt libero quaerat ab.,2025-10-12
68,132,Trabalho 3 - enable one-to-one schemas,Totam pariatur repellendus consectetur. Qui eligendi dolorem suscipit numquam eum id. Officia qui tempore iure esse.,2025-10-08
69,133,Trabalho 1 - incubate scalable relationships,Nihil ipsa quod. Est nulla cum voluptatum voluptatem quam. Illo odio eius qui quas.,2025-10-24
70,133,Trabalho 2 - implement frictionless networks,Dolore iste eligendi sapiente ipsa. Ab recusandae quasi eveniet.,2025-10-31
71,134,Trabalho 1 - revolutionize back-end partnerships,Earum sapiente itaque distinctio itaque. In tenetur facilis voluptatibus necessitatibus. Doloribus fugit praesentium.,2025-11-04
72,134,Trabalho 2 - monetize end-to-end markets,Suscipit sit hic ad hic. Sint recusandae sunt enim laudantium deserunt ipsum.,2025-10-10
73,135,Trabalho 1 - mesh holistic initiatives,Provident a est. Et ad minus ratione. Quisquam non eaque harum laudantium laborum eaque.,2025-11-01
74,135,Trabalho 2 - expedite extensible ROI,Deserunt possimus earum illo minima. Fugit quis excepturi atque quos quaerat. Nulla autem neque. Molestiae pariatur exercitationem optio provident consectetur sequi.,2025-10-14
75,136,Trabalho 1 - strategize user-centric eyeballs,Praesentium facere nulla porro illum ea. Tempora velit dolor modi qui totam ut. Dignissimos quae pariatur maiores officia.,2025-10-29
76,137,Trabalho 1 - extend killer infrastructures,Sint debitis dolor illo esse. Officia molestias saepe impedit assumenda. In sint dolor. Voluptates necessitatibus et ut magnam.,2025-11-04
77,137,Trabalho 2 - morph one-to-one info-mediaries,Facere voluptate vel quibusdam. Earum illo commodi architecto dicta. Eligendi veniam consectetur quisquam dolores et ab.,2025-10-05
78,137,Trabalho 3 - synthesize dot-com vortals,Tenetur hic assumenda aut. Eum magnam doloremque dolorum officiis nam. Libero nostrum laboriosam vero debitis.,2025-10-01
79,138,Trabalho 1 - deliver vertical e-commerce,Perspiciatis odit fugiat. Quia tempore vitae minima tempore quis eveniet.,2025-09-29
80,139,Trabalho 1 - aggregate vertical channels,Quibusdam repudiandae libero commodi illo. Nostrum ipsam quas totam iure. Architecto nesciunt beatae quis corrupti ipsam.,2025-10-18
81,139,Trabalho 2 - innovate next-generation applications,Deleniti laborum adipisci molestiae adipisci ut rem.,2025-10-25
82,140,Trabalho 1 - evolve proactive bandwidth,Commodi eum dolore ad dignissimos excepturi. Voluptate architecto recusandae.,2025-10-10
83,140,Trabalho 2 - iterate one-to-one ROI,Sapiente tenetur tenetur esse ad ipsam suscipit. Velit cupiditate consequatur culpa animi quasi.,2025-10-22
84,141,Trabalho 1 - scale innovative methodologies,Similique nesciunt tempora cumque. At amet commodi dolor accusamus blanditiis voluptate ab.,2025-11-03
85,142,Trabalho 1 - matrix extensible e-markets,Molestias recusandae rerum quisquam. Quas error maxime tenetur. Quisquam voluptate aperiam dicta laborum exercitationem.,2025-09-29
86,142,Trabalho 2 - incentivize value-added applications,Commodi mollitia vitae ut eum in voluptatibus ipsam. Laboriosam excepturi perspiciatis. Tenetur iusto iusto odio.,2025-09-28
87,143,Trabalho 1 - monetize next-generation e-markets,Fuga nam facere error. Hic optio soluta consequatur. Dicta autem quo adipisci voluptas.,2025-11-04
88,143,Trabalho 2 - extend enterprise e-markets,Delectus similique necessitatibus provident cumque a maxime. Unde eveniet iste commodi occaecati.,2025-10-19
89,143,Trabalho 3 - generate real-time schemas,At laborum voluptatum nihil. Facilis impedit tempore nam fugiat temporibus harum.,2025-09-28
90,144,Trabalho 1 - productize granular experiences,Pariatur occaecati modi quasi placeat veritatis sapiente. Eum vero dignissimos ipsum.,2025-10-30
91,144,Trabalho 2 - harness extensible e-business,Deleniti quisquam quae fugit temporibus laborum totam. Saepe corporis exercitationem. Vero tenetur tenetur omnis. Nesciunt eaque sunt maiores quae ipsum dignissimos.,2025-11-07
92,145,Trabalho 1 - synthesize ubiquitous markets,Quam suscipit aliquid deleniti optio. Expedita repellendus corrupti eveniet eligendi odio vitae.,2025-10-29
93,145,Trabalho 2 - transform cross-platform markets,Sapiente aperiam architecto ullam. Est voluptas itaque rem consectetur voluptatibus. Non animi similique eligendi. Ea optio nemo ab odio.,2025-10-10
94,146,Trabalho 1 - re-intermediate 24/365 synergies,Quam porro maxime. Consequuntur neque ut enim voluptatibus.,2025-10-25
95,147,Trabalho 1 - harness distributed e-commerce,Omnis voluptate corporis excepturi. Aspernatur unde sint vero reiciendis accusantium. In repellendus doloremque qui libero repudiandae animi ratione.,2025-10-24
96,147,Trabalho 2 - facilitate impactful e-markets,Neque consequuntur possimus culpa unde adipisci repellat. Et consectetur fuga modi. Quaerat iure iusto accusantium iste.,2025-09-29
97,148,Trabalho 1 - evolve real-time e-markets,Fugit autem maiores alias. Iusto nesciunt numquam enim sapiente animi ipsum. Dolor quia eius distinctio eveniet tenetur voluptatum voluptatem. Velit alias ad quo praesentium recusandae.,2025-10-14
98,148,Trabalho 2 - exploit collaborative e-markets,Ipsa eum reprehenderit quasi. Veritatis maxime molestias facilis dolorum labore amet.,2025-10-25
99,148,Trabalho 3 - incentivize world-class supply-chains,Facere in repellendus omnis odio error. Vero accusamus sed voluptatum corrupti odio omnis. Commodi qui voluptatibus totam.,2025-11-02
100,149,Trabalho 1 - maximize interactive ROI,Occaecati quasi delectus ab recusandae.,2025-11-02
101,149,Trabalho 2 - synergize vertical schemas,Adipisci veritatis officia aliquid magni. Iure fugit officiis totam. Voluptas numquam quibusdam. Dolorem labore culpa.,2025-10-26
102,150,Trabalho 1 - re-contextualize efficient info-mediaries,Minus quia blanditiis. Nam assumenda dolorem exercitationem laboriosam. At expedita aperiam molestias.,2025-10-26
103,150,Trabalho 2 - iterate interactive e-tailers,Incidunt culpa voluptatibus odio dicta iste voluptatem.,2025-10-19
104,151,Trabalho 1 - transition revolutionary synergies,Ea libero atque. Cupiditate officiis culpa veritatis repellat officia deleniti. Maxime omnis quibusdam quae.,2025-10-22
105,151,Trabalho 2 - mesh plug-and-play eyeballs,Ullam molestiae incidunt ea quas quo dolorum consequatur. Assumenda delectus tempora.,2025-09-28
106,151,Trabalho 3 - implement world-class architectures,Repellat officia voluptates error. Perspiciatis eligendi cupiditate natus accusamus quidem numquam. Aspernatur iusto amet.,2025-10-17
107,152,Trabalho 1 - productize virtual solutions,Laborum error ipsa beatae. Dolorem totam cumque labore tempore quaerat impedit.,2025-10-29
108,152,Trabalho 2 - mesh out-of-the-box schemas,Adipisci nam minima officiis.,2025-10-21
109,152,Trabalho 3 - optimize one-to-one solutions,Architecto sequi saepe eos labore officia laborum vero. Voluptate atque ad asperiores nesciunt.,2025-10-05
110,153,Trabalho 1 - scale granular e-services,Reiciendis facere eum earum quam iste. Nemo atque eaque cum provident molestias. Ex quidem eum ratione quasi magni sequi. Eum sunt ut eos delectus beatae reprehenderit.,2025-10-17
111,153,Trabalho 2 - empower enterprise networks,Et quod earum occaecati nihil nihil. Ex quidem in sit provident. Reprehenderit corrupti illo corporis voluptates minima neque.,2025-09-30
112,154,Trabalho 1 - architect extensible experiences,Quis in mollitia deleniti optio numquam molestias expedita. Dolore ducimus minus autem maxime dolor ut.,2025-10-25
113,154,Trabalho 2 - streamline B2B solutions,Consequuntur porro vero. Fugit iusto voluptatibus accusamus.,2025-10-09
114,155,Trabalho 1 - generate plug-and-play niches,Atque autem unde adipisci ducimus. Voluptas doloribus molestiae sit libero aut. Accusantium voluptatibus minima ipsa accusamus nostrum.,2025-10-19
115,155,Trabalho 2 - embrace viral infrastructures,Officia est facere.,2025-10-30
116,156,Trabalho 1 - incentivize real-time functionalities,Eum perferendis eveniet nesciunt neque. Praesentium dolores quidem quae molestiae. Hic occaecati voluptatum ex soluta sapiente. Deleniti et laudantium magni aliquid qui ad optio.,2025-10-24
117,157,Trabalho 1 - integrate wireless deliverables,Mollitia qui earum quisquam id molestias reiciendis. Facere tempora natus. Quibusdam eum dignissimos aliquam exercitationem eaque tempore.,2025-10-07
118,157,Trabalho 2 - syndicate compelling architectures,Deserunt ipsam porro.,2025-10-12
119,158,Trabalho 1 - redefine ubiquitous web-readiness,Maiores suscipit iusto incidunt natus nesciunt. A excepturi doloremque aperiam. Vitae laboriosam illum molestias. Laboriosam praesentium praesentium eaque.,2025-10-19
120,158,Trabalho 2 - generate cross-platform niches,Corporis dolorem quae. Accusamus saepe sequi facere dolore. Cumque aspernatur laborum porro delectus eligendi.,2025-09-29
121,158,Trabalho 3 - synthesize cross-platform supply-chains,Officiis maxime ab repellendus. Quos dolores natus dolore. Id id officia quo molestiae.,2025-10-20
122,159,Trabalho 1 - maximize value-added mindshare,Ad ab dolores. Saepe itaque deserunt ullam aliquid. Nisi tempore quis aliquid vero sunt.,2025-10-10
123,159,Trabalho 2 - monetize cross-media deliverables,Incidunt amet nihil quidem iusto amet sequi. Cupiditate sequi aut. Quis consectetur dicta quae ex.,2025-11-05
124,159,Trabalho 3 - matrix end-to-end portals,Quas fuga at distinctio. Necessitatibus officia molestias fuga inventore incidunt similique. Repellat adipisci repudiandae maxime.,2025-10-08
125,160,Trabalho 1 - repurpose front-end supply-chains,Eligendi distinctio impedit ex tenetur animi officiis. Eius architecto eum accusantium dolorem.,2025-11-09
126,160,Trabalho 2 - transition real-time mindshare,Iusto veniam necessitatibus optio sed. Voluptates facilis magni est amet ab accusantium eligendi. Ex aspernatur officia quos itaque.,2025-10-29
127,160,Trabalho 3 - unleash customized bandwidth,Eum illum sapiente explicabo. Delectus provident voluptatem ullam. Autem ex pariatur provident temporibus ex esse provident.,2025-10-28
128,161,Trabalho 1 - enable virtual architectures,Atque minima harum sed beatae assumenda. Unde beatae qui.,2025-10-11
129,161,Trabalho 2 - scale collaborative schemas,Itaque labore quidem rem nesciunt.,2025-11-01
130,162,Trabalho 1 - reinvent interactive bandwidth,Saepe ratione praesentium deserunt ipsum repellat blanditiis.,2025-10-26
131,163,Trabalho 1 - scale visionary applications,Libero cum nobis in libero enim molestiae. Nihil dignissimos molestias pariatur tempora doloribus pariatur. Ipsum quibusdam odio eveniet minima ad.,2025-10-24
132,164,Trabalho 1 - empower extensible mindshare,Officia et illo quasi consequatur eligendi ea. Voluptatum magni ex.,2025-10-21
133,164,Trabalho 2 - orchestrate vertical platforms,Explicabo ipsam natus nihil incidunt animi veritatis. Aperiam commodi et excepturi commodi enim. Quis rerum ipsa laudantium sit libero quidem.,2025-10-30
134,165,Trabalho 1 - extend magnetic mindshare,Assumenda debitis minus quam nihil fugit. Ducimus sit placeat hic culpa quibusdam quas quas.,2025-10-18
135,165,Trabalho 2 - matrix clicks-and-mortar partnerships,Ipsam aliquam vel veniam eius maxime. Odio aperiam consequatur repellat voluptatem commodi iste. Repellat quibusdam corrupti distinctio.,2025-10-08
136,165,Trabalho 3 - transition synergistic web-readiness,Maxime in cumque illum natus beatae enim. Neque officia quae doloremque iure alias praesentium. Culpa voluptas adipisci ducimus error cupiditate.,2025-10-07
137,166,Trabalho 1 - synthesize out-of-the-box action-items,Rerum perspiciatis temporibus praesentium omnis. Labore beatae eligendi temporibus.,2025-10-21
138,166,Trabalho 2 - aggregate back-end eyeballs,Animi quidem a nisi delectus sed.,2025-10-17
139,166,Trabalho 3 - drive visionary communities,Nostrum sint hic laudantium explicabo. Numquam necessitatibus quam officiis. Nobis esse aliquid dolore ipsum nostrum ab.,2025-10-13
140,167,Trabalho 1 - synthesize distributed supply-chains,Quidem dignissimos eius nihil harum. Eaque atque magnam. Ut voluptatem quaerat cum dolorem. Molestiae est delectus voluptatum iusto nobis a officia.,2025-10-03
141,167,Trabalho 2 - innovate granular methodologies,Distinctio dolorem officia labore enim eos.,2025-11-01
142,168,Trabalho 1 - disintermediate plug-and-play convergence,Reiciendis tenetur sit porro molestiae enim beatae. Consectetur aliquam animi nobis animi aliquid. Veritatis commodi atque quidem sed optio.,2025-10-11
143,168,Trabalho 2 - harness killer architectures,Officia magnam fuga. Occaecati consequuntur voluptatum dicta accusantium tempora. Maiores porro itaque id nihil a.,2025-09-25
144,169,Trabalho 1 - syndicate integrated content,Aut illo ipsam excepturi molestiae. A id harum neque aperiam hic vitae. Enim reprehenderit impedit aliquam possimus placeat cupiditate. Nesciunt itaque eaque magnam corporis in deserunt.,2025-10-09
145,169,Trabalho 2 - optimize interactive action-items,Velit qui ratione aperiam alias occaecati non dignissimos. In eos nesciunt neque corrupti voluptas.,2025-11-08
146,169,Trabalho 3 - engineer web-enabled networks,Ratione blanditiis soluta. Fuga sequi rem autem distinctio accusantium. Nemo sed quod.,2025-10-18
147,170,Trabalho 1 - aggregate global users,Voluptatibus error natus repellat consequuntur. Nesciunt velit ipsa ipsam.,2025-10-14
148,170,Trabalho 2 - empower B2B web-readiness,Praesentium laborum natus dolores odit. Consequatur aut ullam perferendis quod corrupti ab.,2025-09-26
149,171,Trabalho 1 - empower cross-media solutions,Voluptates saepe voluptas cumque ab nobis voluptatem. Sequi consequatur ipsum natus maxime deleniti. Facere laudantium eligendi.,2025-10-10
150,171,Trabalho 2 - disintermediate strategic ROI,Animi ipsum minus nobis voluptatibus. Veniam libero consequatur aspernatur architecto saepe. Consectetur reprehenderit quidem.,2025-11-05
151,171,Trabalho 3 - innovate cross-platform users,Molestias aliquam quo dicta accusamus nisi commodi tenetur. Tempora et mollitia odio amet magni libero.,2025-10-03
152,172,Trabalho 1 - transform visionary methodologies,Delectus aperiam provident consequuntur ullam dolor totam.,2025-10-08
153,173,Trabalho 1 - enhance interactive eyeballs,Fugiat optio doloribus illum.,2025-10-09
154,174,Trabalho 1 - harness enterprise applications,Voluptates nisi porro dolore libero harum sapiente. Inventore ut nisi voluptatum illum. Quia velit culpa est modi officiis nam.,2025-10-24
155,174,Trabalho 2 - seize cutting-edge e-tailers,Ipsa perspiciatis quas ipsum. Nesciunt esse eos. Veniam sit iusto ducimus ea nam perspiciatis quasi.,2025-10-13
156,175,Trabalho 1 - whiteboard user-centric relationships,Natus ab odit minima sit incidunt. Sapiente temporibus veritatis unde delectus incidunt dolorem laborum. Id est temporibus iure.,2025-10-30
157,175,Trabalho 2 - target turn-key e-business,Corrupti est omnis velit. Iure a optio ullam aliquid modi laborum dolorum. Accusantium fugiat ab blanditiis qui.,2025-10-04
158,176,Trabalho 1 - evolve holistic infrastructures,Pariatur incidunt quasi ab sed omnis. Numquam earum et exercitationem modi ducimus fugiat. Asperiores eveniet debitis rem.,2025-10-22
159,176,Trabalho 2 - generate bricks-and-clicks experiences,Deserunt mollitia unde nam suscipit asperiores explicabo aperiam. Excepturi sunt similique sint totam ex. Hic at dicta ullam molestias.,2025-10-24
160,177,Trabalho 1 - enhance intuitive web-readiness,Ipsa quasi debitis vel repellendus tenetur odio. Nulla voluptatibus minus incidunt. Vel labore eos vitae voluptate.,2025-09-30
161,178,Trabalho 1 - streamline cross-media bandwidth,Voluptates reprehenderit cum magni non. Excepturi delectus blanditiis excepturi praesentium. Pariatur in enim tenetur.,2025-10-14
162,179,Trabalho 1 - benchmark end-to-end action-items,Ipsum sapiente rerum atque illo ea in accusamus. Harum repudiandae natus nisi optio harum. Sint molestiae vitae voluptas.,2025-10-18
163,180,Trabalho 1 - whiteboard next-generation interfaces,Rerum assumenda error. Nemo nemo nihil minima. Quisquam ducimus cupiditate ullam corporis.,2025-09-25
164,181,Trabalho 1 - leverage enterprise users,Ut eveniet praesentium maxime libero quaerat. Minus eaque vel expedita molestias excepturi.,2025-10-22
165,182,Trabalho 1 - strategize sticky niches,Eum quidem cumque soluta sunt. Quos sapiente perferendis odit necessitatibus. Placeat molestias voluptas eum iste.,2025-10-31
166,182,Trabalho 2 - engage web-enabled supply-chains,Doloremque quod eveniet recusandae dicta. Deserunt quisquam nemo incidunt illum excepturi reprehenderit a.,2025-10-06
167,182,Trabalho 3 - e-enable killer e-markets,Vero accusantium deserunt dicta. Modi itaque alias quaerat.,2025-10-29
168,183,Trabalho 1 - target seamless synergies,Eveniet eligendi enim deserunt recusandae excepturi.,2025-10-13
169,183,Trabalho 2 - redefine end-to-end functionalities,Molestias eius rem. Voluptatibus repudiandae dicta ullam perferendis ullam. Veritatis quis amet assumenda recusandae magnam aliquam. Eius ut tempora nihil.,2025-10-06
170,184,Trabalho 1 - cultivate next-generation schemas,Voluptates recusandae consequuntur sint similique dolor laborum. Tenetur at voluptas eaque.,2025-11-09
171,185,Trabalho 1 - syndicate B2B niches,Vero placeat veritatis reiciendis accusantium quis dolores nam. Dignissimos vero possimus maiores placeat aliquid debitis. Perspiciatis nostrum sequi quos fugiat.,2025-10-09
172,185,Trabalho 2 - repurpose enterprise mindshare,Velit laudantium repellendus dolorum. Iure ipsum occaecati animi voluptatem ad. Ea ipsam pariatur voluptatem facilis facere.,2025-10-30
173,185,Trabalho 3 - strategize turn-key models,Unde soluta aliquam est autem. Eveniet ipsam nobis repellat accusantium occaecati dolorem labore. Accusamus totam quisquam unde.,2025-11-07
174,186,Trabalho 1 - syndicate proactive paradigms,Quod illo enim. Neque accusantium eveniet voluptatem maxime. Quos sapiente dolore harum numquam animi.,2025-10-27
175,187,Trabalho 1 - implement compelling functionalities,Ullam beatae temporibus doloribus facere odit nemo. Quis architecto nisi adipisci ipsa quasi adipisci. Eum ipsum corrupti laudantium.,2025-10-29
176,188,Trabalho 1 - repurpose extensible vortals,Iusto ab vel cupiditate eius nostrum. Suscipit maiores nobis. Aut animi vero totam harum amet voluptatem voluptatum.,2025-11-03
177,188,Trabalho 2 - embrace user-centric vortals,Officia accusantium assumenda. Reiciendis recusandae nam assumenda eaque.,2025-10-31
178,188,Trabalho 3 - architect intuitive bandwidth,Illo vel porro illum. Excepturi dignissimos laudantium facere alias animi quia illum.,2025-10-31
179,189,Trabalho 1 - redefine cross-media users,Nisi ullam animi maiores expedita. A at atque cupiditate quia numquam. Vel veniam reprehenderit velit quasi.,2025-11-01
180,189,Trabalho 2 - enable global metrics,Pariatur possimus pariatur a quam quia numquam aliquid. Nisi delectus quam dolor.,2025-09-27
181,189,Trabalho 3 - strategize value-added interfaces,Dolorem occaecati quis beatae maxime alias inventore alias. Ducimus quidem ad minima esse temporibus. Consequuntur consectetur repellendus velit.,2025-10-20
182,190,Trabalho 1 - monetize interactive solutions,Fugit modi occaecati animi. Cum nulla minima sit consequatur.,2025-10-29
183,191,Trabalho 1 - incentivize bricks-and-clicks web-readiness,Ratione dolore reprehenderit. Aspernatur ratione atque id corrupti nobis placeat. Ex magni accusamus blanditiis quos magnam.,2025-10-01
184,192,Trabalho 1 - streamline cutting-edge interfaces,Nihil molestiae quibusdam. Velit quis illo praesentium recusandae.,2025-10-23
185,192,Trabalho 2 - envisioneer killer partnerships,Eligendi veniam ullam laboriosam. Aperiam ipsum sequi exercitationem veritatis veniam repellat.,2025-10-28
186,192,Trabalho 3 - incentivize distributed supply-chains,Quam illo rem praesentium consequuntur. Error deleniti animi aperiam corrupti velit.,2025-10-05
187,193,Trabalho 1 - benchmark granular info-mediaries,Debitis similique dolor. Ea recusandae quaerat eaque vitae quos enim.,2025-10-21
188,193,Trabalho 2 - generate back-end portals,Temporibus tempora veritatis minus.,2025-11-05
189,193,Trabalho 3 - leverage e-business web services,Vero dolores adipisci doloremque sit.,2025-10-30
190,194,Trabalho 1 - repurpose seamless methodologies,Porro incidunt impedit inventore. Esse fuga sed illo voluptate. Distinctio possimus repudiandae illum illo esse similique.,2025-10-07
191,194,Trabalho 2 - engage collaborative mindshare,Dolor culpa aperiam quis laboriosam. Non repudiandae id suscipit tempore dicta delectus.,2025-10-01
192,195,Trabalho 1 - whiteboard one-to-one e-services,Ab aperiam possimus dolorem reiciendis impedit veritatis suscipit. Dolor excepturi perspiciatis blanditiis debitis a earum.,2025-11-07
193,196,Trabalho 1 - deliver strategic e-tailers,Nemo facilis assumenda suscipit cupiditate eos aut. Ducimus culpa veritatis molestias enim autem ex.,2025-10-09
194,196,Trabalho 2 - productize dynamic vortals,Repellendus voluptas sapiente dicta. Fuga veniam magnam praesentium soluta numquam. Animi necessitatibus nobis commodi quasi maxime perferendis.,2025-10-03
195,197,Trabalho 1 - syndicate real-time mindshare,Totam vel aliquid voluptates non. Dolores minima atque totam autem saepe. Illum ea cumque eius molestias omnis.,2025-10-09
196,198,Trabalho 1 - leverage cutting-edge methodologies,Fugit quaerat odit qui natus incidunt commodi similique. Ullam minima beatae excepturi porro.,2025-10-23
197,198,Trabalho 2 - matrix revolutionary e-business,At reprehenderit nulla vel doloribus assumenda corrupti. Quae amet in asperiores. Iste laudantium doloribus quibusdam ut. Officiis corporis praesentium nesciunt dolor non.,2025-10-05
198,199,Trabalho 1 - iterate plug-and-play architectures,Tempora quam repudiandae iste ab. Enim eligendi vitae quos.,2025-10-06
199,199,Trabalho 2 - matrix plug-and-play infrastructures,Porro iste eius sed labore ducimus eum. Eligendi officiis recusandae amet tempora.,2025-10-14
200,199,Trabalho 3 - target synergistic eyeballs,Temporibus dolor ducimus amet qui veniam velit ipsam. Voluptatem nemo praesentium quo qui. Ea molestias temporibus alias pariatur accusantium perferendis.,2025-09-26
201,200,Trabalho 1 - e-enable real-time architectures,Assumenda assumenda qui id.,2025-11-09
202,200,Trabalho 2 - mesh ubiquitous content,Possimus temporibus consectetur. Quo voluptate ullam vitae labore dolorem.,2025-09-26
203,200,Trabalho 3 - reinvent B2C bandwidth,Optio fugiat eos voluptate tenetur. Laborum deserunt provident dolores aliquam.,2025-10-08
204,201,Trabalho 1 - strategize dot-com applications,Quia reprehenderit aut distinctio libero officia corporis consequuntur.,2025-10-09
205,201,Trabalho 2 - aggregate distributed web-readiness,Vero pariatur id nisi quibusdam corrupti neque. Veritatis aliquam cupiditate soluta illum. Tempore culpa mollitia.,2025-10-06
206,202,Trabalho 1 - visualize global communities,Sapiente optio incidunt quo nam placeat. Omnis iste odio consequatur dolorem culpa praesentium. Sed consequatur ab corrupti neque.,2025-11-07
207,202,Trabalho 2 - mesh web-enabled e-commerce,Exercitationem deleniti consectetur explicabo deserunt. Eveniet dolorem a totam nisi. Nobis doloremque natus iusto in voluptatem dolor.,2025-10-15
208,202,Trabalho 3 - engineer proactive e-services,Tempore ipsum sed nihil. Quis nemo eveniet natus odio iusto. Facere qui culpa assumenda totam dolor quod tenetur. Corporis inventore enim ullam voluptatem.,2025-11-08
209,203,Trabalho 1 - target distributed schemas,Non neque quaerat quo. Libero tenetur veritatis quis ab. Totam aperiam amet eaque laudantium. Repellat hic laborum.,2025-11-05
210,203,Trabalho 2 - incubate B2B e-services,Fugit quaerat minus dolor iusto doloremque dolores. Neque culpa quas minus. Magni quos id vitae eius quas. Recusandae nisi aliquid quae voluptatum dolore illo.,2025-10-11
211,203,Trabalho 3 - disintermediate virtual mindshare,Quod incidunt veniam quibusdam. Quia accusantium sint pariatur vero ad sequi laboriosam. Neque ex placeat fugiat doloremque reiciendis.,2025-10-09
212,204,Trabalho 1 - transition transparent e-markets,Odit non quaerat sed. Amet eius ratione atque possimus quam ratione commodi. Magni eaque magnam.,2025-10-26
213,205,Trabalho 1 - monetize interactive e-services,Delectus libero accusamus occaecati. Dolores minus facere porro veritatis.,2025-10-20
214,205,Trabalho 2 - disintermediate turn-key e-services,Explicabo quasi vero ullam recusandae. Possimus culpa eveniet fugit nobis.,2025-11-03
215,206,Trabalho 1 - embrace robust e-markets,Qui veniam itaque soluta voluptas. Dolorum vel maiores unde aperiam aliquam quos.,2025-10-11
216,207,Trabalho 1 - extend back-end convergence,Dolor fuga necessitatibus dolores veritatis. Sunt fuga alias dolores dolorum.,2025-09-27
217,207,Trabalho 2 - facilitate wireless web services,Repudiandae tempora ipsam. Aspernatur iusto exercitationem inventore aliquid iusto. Dignissimos perspiciatis sunt officiis omnis.,2025-10-26
218,208,Trabalho 1 - cultivate 24/7 metrics,Nostrum debitis pariatur enim voluptatibus laboriosam. Nemo deserunt vitae rem. Exercitationem repellendus dignissimos incidunt quisquam.,2025-10-19
219,208,Trabalho 2 - repurpose user-centric niches,Commodi nostrum esse maxime. Vero aut quasi cumque. Voluptas porro voluptatum nostrum. Dicta eaque vel.,2025-10-03
220,209,Trabalho 1 - facilitate clicks-and-mortar partnerships,Corrupti error suscipit. Accusantium voluptatem illo placeat nobis assumenda corrupti.,2025-10-29
221,209,Trabalho 2 - productize magnetic convergence,Assumenda nisi voluptatibus. Optio necessitatibus ex sequi. In voluptate consequatur velit vel.,2025-10-19
222,210,Trabalho 1 - architect open-source communities,Eligendi nobis sapiente rem provident eius optio. Occaecati at in neque fugiat. Commodi saepe optio expedita.,2025-10-31
223,211,Trabalho 1 - optimize end-to-end interfaces,Cumque dignissimos maxime assumenda.,2025-10-14
224,211,Trabalho 2 - mesh one-to-one portals,Fugit laudantium voluptate autem. Provident pariatur illum ullam fugit quis quisquam aliquid.,2025-11-04
225,211,Trabalho 3 - productize clicks-and-mortar functionalities,Voluptatum eligendi nobis accusamus. Ducimus fuga atque inventore.,2025-11-03
226,212,Trabalho 1 - deliver holistic e-commerce,Aliquid molestias libero maiores cum. Asperiores animi facere deleniti.,2025-10-28
227,212,Trabalho 2 - redefine innovative web services,Animi voluptatem explicabo nam officia enim. Eius repellendus alias ducimus consectetur totam necessitatibus. Repellendus voluptatibus quia magnam illum harum.,2025-10-12
228,212,Trabalho 3 - target end-to-end e-business,Eveniet minus ratione facilis earum. Voluptas inventore inventore eveniet. Sit omnis nemo quae aut quisquam. Eligendi commodi cupiditate dolore sit.,2025-10-11
229,213,Trabalho 1 - reinvent frictionless niches,Quam aperiam quam suscipit consectetur. Quo officiis odit aliquid.,2025-10-19
230,214,Trabalho 1 - expedite leading-edge metrics,Recusandae unde occaecati.,2025-11-04
231,214,Trabalho 2 - generate user-centric eyeballs,Mollitia accusantium ducimus dolorum sapiente. Et iure asperiores et dolor tempora non. Inventore blanditiis deserunt recusandae quas. Consectetur aspernatur similique nostrum facilis.,2025-10-06
232,214,Trabalho 3 - matrix interactive convergence,Quos nam dolor quasi a sed. Odio adipisci laborum earum laudantium.,2025-10-03
233,215,Trabalho 1 - enable out-of-the-box technologies,Veniam suscipit eum. Numquam culpa eaque aut sed.,2025-09-29
234,215,Trabalho 2 - visualize synergistic partnerships,Repudiandae quae nihil. Ea eius id ab itaque.,2025-10-23
235,216,Trabalho 1 - optimize scalable channels,Aliquam repellendus illum delectus molestias. Excepturi eveniet commodi animi earum ipsa incidunt omnis.,2025-11-06
236,216,Trabalho 2 - innovate front-end bandwidth,At repellat eaque nesciunt. Aperiam ut libero doloremque ea tempora. Saepe cum dolorem dolor iusto.,2025-10-16
237,216,Trabalho 3 - exploit one-to-one web-readiness,Nihil amet quibusdam reprehenderit iusto facere. Rem rem provident quia aut. Quidem nesciunt et quisquam neque minima repudiandae ducimus.,2025-10-24
238,217,Trabalho 1 - unleash innovative architectures,Vel vel labore nisi vero a eos. Omnis reprehenderit exercitationem porro ad rem temporibus.,2025-10-17
239,217,Trabalho 2 - evolve sticky schemas,Unde hic voluptas necessitatibus. Nostrum porro officiis velit blanditiis.,2025-11-07
240,217,Trabalho 3 - grow dot-com solutions,Dignissimos sint temporibus eius sunt natus. Autem iusto ipsum consectetur beatae. Facilis odit occaecati adipisci.,2025-10-20
241,218,Trabalho 1 - expedite cutting-edge users,Delectus aspernatur sapiente iste id dolorem quis repudiandae. Ipsum molestias voluptas cum commodi magnam beatae. Rem fugiat voluptatum dolorum reprehenderit reprehenderit fuga.,2025-11-09
242,219,Trabalho 1 - mesh sticky e-markets,Explicabo ut fuga ullam sed aut repudiandae aliquam. Sapiente ducimus mollitia. Ad maiores sapiente ut assumenda.,2025-10-20
243,219,Trabalho 2 - utilize seamless e-markets,Delectus ad quibusdam quam. Aliquid nobis ad cum nesciunt non non.,2025-10-19
244,220,Trabalho 1 - mesh enterprise e-business,Illo vel ad cumque. Similique hic excepturi sit aperiam eveniet quaerat repellendus. Cupiditate iste possimus.,2025-11-03
245,220,Trabalho 2 - mesh e-business e-business,Nisi fugiat aspernatur eaque saepe minima excepturi. Maiores neque ullam labore magni ab. Inventore nam laudantium fugit corporis vel veniam.,2025-10-14
246,220,Trabalho 3 - embrace collaborative systems,Iusto recusandae qui natus saepe voluptatum. Vel recusandae molestias tenetur repellat.,2025-10-10
247,221,Trabalho 1 - synergize front-end e-markets,Laborum architecto quaerat ullam. Recusandae voluptate in ea tempore.,2025-11-04
248,221,Trabalho 2 - leverage end-to-end content,Earum eaque harum. Ipsam ab debitis explicabo aut commodi cum ea.,2025-10-17
249,221,Trabalho 3 - enable value-added channels,Labore assumenda minima inventore unde delectus impedit. Vel qui incidunt eius. Maiores qui doloremque nulla.,2025-10-02
250,222,Trabalho 1 - deploy real-time architectures,Labore ratione sunt iusto molestiae facilis aut.,2025-10-25
251,223,Trabalho 1 - seize magnetic niches,Aperiam distinctio quia quaerat sed.,2025-10-13
252,224,Trabalho 1 - expedite scalable action-items,Optio tempore vel. Fugiat earum totam explicabo.,2025-09-29
253,224,Trabalho 2 - exploit global e-services,Dolores dolore itaque consequatur. Similique eaque odit perspiciatis dolorum ad. Praesentium delectus omnis cumque. Ut similique dolores harum.,2025-11-09
254,225,Trabalho 1 - implement mission-critical infrastructures,Voluptatem animi molestias commodi illum molestiae culpa. Ipsum quisquam nobis neque facere. Saepe soluta distinctio placeat necessitatibus.,2025-10-22
255,225,Trabalho 2 - implement bricks-and-clicks solutions,Laboriosam iure quos enim. Numquam voluptatem natus.,2025-10-26
256,225,Trabalho 3 - extend bleeding-edge partnerships,Non cum laboriosam. Minima veritatis quas labore doloremque veritatis vero. Laborum aspernatur occaecati quaerat dolore facere. Libero id totam distinctio impedit accusamus eligendi.,2025-09-30
257,226,Trabalho 1 - redefine one-to-one eyeballs,Provident minima dolorum eligendi eos. Quibusdam ipsum alias minus corrupti quis. Eos sint provident quisquam laboriosam.,2025-10-20
258,227,Trabalho 1 - iterate leading-edge niches,Accusantium aut non temporibus veritatis. Modi odit autem enim. Id et alias expedita.,2025-10-11
259,228,Trabalho 1 - scale seamless methodologies,Iusto assumenda minima eligendi eius architecto dolorem. Rerum incidunt rerum nobis asperiores quos commodi.,2025-10-30
260,229,Trabalho 1 - incubate sticky synergies,Sequi beatae odio itaque corrupti dolorum voluptatum. Animi dicta itaque quis.,2025-09-25
261,229,Trabalho 2 - repurpose mission-critical e-commerce,Assumenda harum atque sunt. Expedita placeat minima expedita voluptas ex.,2025-10-11
262,229,Trabalho 3 - optimize dynamic initiatives,Aspernatur veniam dolore explicabo. Praesentium enim ipsa impedit eligendi aperiam ab. Maxime unde perspiciatis natus debitis debitis.,2025-11-01
263,230,Trabalho 1 - deploy real-time deliverables,Voluptas saepe autem odit et voluptas nam. Et assumenda beatae corrupti vel possimus odio. Corrupti expedita nemo expedita.,2025-11-01
264,231,Trabalho 1 - repurpose impactful markets,Minus sequi mollitia debitis quia totam enim. Vitae quae corrupti voluptatibus. Porro odit molestiae.,2025-10-15
265,231,Trabalho 2 - orchestrate collaborative platforms,Repudiandae numquam inventore maxime sequi illum ullam. Sed odit perspiciatis amet illo.,2025-10-06
266,231,Trabalho 3 - incubate cross-media functionalities,Voluptatibus quas vero. Exercitationem at eaque voluptatem sint corporis natus quisquam.,2025-10-19
267,232,Trabalho 1 - enable dynamic e-tailers,Modi repudiandae repellendus a.,2025-10-20
268,233,Trabalho 1 - engineer strategic systems,Iure molestias placeat voluptas fuga pariatur. Consectetur quas laudantium beatae sequi. Consequuntur sit in ducimus delectus porro optio.,2025-10-20
269,233,Trabalho 2 - synergize back-end applications,Aspernatur earum maxime nam at. Quasi incidunt aut tempora est modi illo.,2025-10-22
270,233,Trabalho 3 - maximize granular eyeballs,Modi sequi debitis qui. Aut expedita ea nulla dolores nisi distinctio. Corrupti error quaerat necessitatibus. Vero nulla numquam at.,2025-09-26
271,234,Trabalho 1 - transform next-generation architectures,Numquam id totam molestiae ipsum. Omnis expedita autem exercitationem ad.,2025-10-16
272,235,Trabalho 1 - deliver one-to-one web-readiness,Earum doloribus quia voluptatem tempora illo. Aspernatur blanditiis est. Rerum deleniti harum corrupti sit.,2025-10-06
273,236,Trabalho 1 - whiteboard compelling action-items,Labore laborum deserunt velit fugit veritatis magni modi. Porro quasi tempora cupiditate.,2025-10-03
274,236,Trabalho 2 - grow B2B e-markets,Consectetur eius illo debitis. Eum iste cupiditate. Reiciendis culpa excepturi dolores quam delectus.,2025-10-22
275,236,Trabalho 3 - repurpose wireless deliverables,Nulla quidem laudantium assumenda est cum. Vel minima alias dolores repellendus ad saepe.,2025-10-05
276,237,Trabalho 1 - cultivate strategic e-tailers,Excepturi placeat nesciunt laborum aperiam ipsam. Totam laboriosam nulla soluta. Cupiditate voluptates accusantium veniam.,2025-11-09
277,237,Trabalho 2 - engage compelling applications,Fuga porro laboriosam similique qui aut. Aliquam reiciendis cum explicabo.,2025-10-23
278,237,Trabalho 3 - embrace B2B functionalities,Quibusdam incidunt doloremque. Asperiores nulla in ipsa ipsam. Veniam expedita sit consequuntur nostrum odit nam.,2025-10-21
279,238,Trabalho 1 - grow plug-and-play convergence,Fugiat fugit modi quis. Necessitatibus error praesentium.,2025-10-23
280,238,Trabalho 2 - visualize impactful schemas,Adipisci debitis laboriosam ab harum qui itaque ratione. Eligendi magni numquam cum neque ipsam. Omnis sapiente sapiente.,2025-11-05
281,238,Trabalho 3 - transform dynamic partnerships,Repellendus at libero voluptatibus officiis cum unde. Tempora alias hic necessitatibus libero quaerat.,2025-10-01
282,239,Trabalho 1 - aggregate intuitive solutions,Dolorem quod facilis ipsam. Fugiat veniam rerum sit ad beatae amet. Porro eos molestias. Rem ducimus nemo numquam.,2025-10-03
283,239,Trabalho 2 - repurpose 24/7 relationships,Ab odit iste saepe. Libero perferendis porro culpa perspiciatis nemo. Amet itaque nemo omnis perspiciatis.,2025-10-25
284,239,Trabalho 3 - matrix viral methodologies,Totam beatae corrupti officia maiores voluptas quisquam. Nemo quam explicabo delectus sapiente hic veritatis.,2025-10-07
285,240,Trabalho 1 - engineer customized info-mediaries,Deleniti possimus beatae rem illo. Ratione fuga natus repellat in laborum. Aliquam porro repudiandae illo alias. Cumque explicabo repellendus nobis minus.,2025-10-21
286,240,Trabalho 2 - re-contextualize turn-key partnerships,Laudantium architecto a assumenda amet debitis. Incidunt ratione hic alias tempora sit cupiditate. Vel quae quas quidem.,2025-10-16
287,240,Trabalho 3 - drive frictionless functionalities,Nisi nostrum ad aut eligendi nihil omnis eveniet. Quas vitae aspernatur. Accusamus totam ipsum enim iste voluptatum. A nulla veritatis quidem eligendi eos.,2025-10-02
288,241,Trabalho 1 - optimize killer niches,Atque in veniam. Adipisci molestiae error dicta fugit alias. Totam facilis temporibus commodi. Quas inventore itaque nemo.,2025-10-27
289,241,Trabalho 2 - cultivate visionary convergence,Earum suscipit nihil. Debitis vitae iure laudantium laboriosam cupiditate.,2025-10-01
290,242,Trabalho 1 - re-contextualize e-business e-commerce,Eaque fugit eligendi perferendis maxime. Sed aperiam corporis eveniet adipisci.,2025-10-14
291,242,Trabalho 2 - incubate integrated solutions,Vel aut dolorum atque libero veritatis autem. Rem quam iusto molestiae tenetur soluta saepe. Nam molestias deleniti quam.,2025-10-02
292,243,Trabalho 1 - brand open-source action-items,Perspiciatis quisquam laborum explicabo veritatis at. Cupiditate autem nobis quod. Soluta ab magni tempore sed temporibus dolorum ducimus.,2025-11-05
293,243,Trabalho 2 - cultivate wireless web-readiness,Beatae nemo perferendis deleniti.,2025-10-22
294,243,Trabalho 3 - matrix bricks-and-clicks e-commerce,Quam ipsam quis iusto impedit tempora. Laudantium magnam quisquam autem.,2025-11-08
295,244,Trabalho 1 - incentivize interactive partnerships,Modi harum natus in veniam dolore. Est earum earum quos laboriosam.,2025-10-28
296,244,Trabalho 2 - optimize frictionless web services,Quisquam exercitationem aut sequi quis ea. Distinctio veniam ut. Illum amet quas ea laborum facilis quod.,2025-09-30
297,245,Trabalho 1 - harness end-to-end eyeballs,Quidem necessitatibus esse deserunt. Adipisci fugit accusamus quo esse.,2025-11-04
298,245,Trabalho 2 - scale holistic portals,Magnam iusto quibusdam porro quibusdam quasi. Sapiente quibusdam corporis perferendis reiciendis voluptatibus. Debitis natus optio asperiores esse. Provident nulla rem iure.,2025-10-20
299,245,Trabalho 3 - leverage innovative action-items,Dignissimos fugit tempore adipisci. Harum porro vero id numquam.,2025-10-31
300,246,Trabalho 1 - monetize cross-platform bandwidth,A neque eum. Debitis et porro ipsa exercitationem nesciunt.,2025-10-31
301,247,Trabalho 1 - e-enable granular schemas,Veniam voluptatem deserunt.,2025-09-29
302,247,Trabalho 2 - aggregate 24/7 supply-chains,Fugit asperiores molestias architecto tenetur perferendis eum. Iure ducimus sequi commodi impedit corporis.,2025-10-24
303,248,Trabalho 1 - scale dot-com interfaces,Quidem minus quis ab voluptates dolorem odio. Omnis architecto quod placeat facilis.,2025-10-20
304,248,Trabalho 2 - seize compelling functionalities,Vitae ex velit iste veritatis dolores. Laudantium minus nesciunt qui facere maxime.,2025-10-27
305,248,Trabalho 3 - streamline dot-com communities,Sed sint nulla. Eveniet necessitatibus minima minus.,2025-11-06
306,249,Trabalho 1 - e-enable frictionless e-commerce,Unde cum quaerat provident accusamus ipsa sunt ratione. Qui sint perspiciatis optio quo.,2025-11-06
307,249,Trabalho 2 - optimize interactive metrics,Fuga quibusdam voluptates at voluptate in ut repellat. Illo accusamus dolores consectetur minus provident aut.,2025-10-17
308,250,Trabalho 1 - whiteboard B2B infrastructures,Eveniet sunt nam illo corrupti nam. At dolorum fugit dolor necessitatibus beatae.,2025-10-19
309,251,Trabalho 1 - cultivate customized web-readiness,Ratione ea officia minima. Minus ipsam alias quae officiis aspernatur.,2025-10-09
310,251,Trabalho 2 - whiteboard end-to-end functionalities,Saepe iste hic repellat nemo cum. Ipsam esse alias deleniti amet. Facere dolore nulla ea.,2025-10-01
311,251,Trabalho 3 - embrace back-end interfaces,Et laboriosam deleniti autem officiis. Pariatur odit magnam eum consequatur.,2025-11-08
312,252,Trabalho 1 - maximize world-class synergies,Ratione sed minus eum possimus. Ab id ea ipsa.,2025-10-05
313,253,Trabalho 1 - drive seamless action-items,Quibusdam sint id incidunt facilis at explicabo. Ullam minima laudantium tenetur enim. Sit ipsum maiores delectus. Ullam quam iusto sed nostrum.,2025-10-17
314,253,Trabalho 2 - evolve ubiquitous methodologies,Excepturi excepturi autem esse facilis. Est perspiciatis maxime tempore molestiae nisi.,2025-10-04
315,253,Trabalho 3 - architect global systems,Fuga molestiae temporibus assumenda assumenda alias. Sapiente at pariatur cumque placeat quis.,2025-11-02
316,254,Trabalho 1 - integrate front-end channels,Commodi perferendis nostrum minima hic itaque. Aspernatur dolorem eos laborum veritatis.,2025-09-28
317,254,Trabalho 2 - revolutionize strategic e-business,Doloremque soluta quae reprehenderit quo reiciendis explicabo. Ipsam magni vitae corporis iste. Accusamus aliquam distinctio dolore vero impedit.,2025-10-25
318,254,Trabalho 3 - harness cross-media action-items,Aut adipisci modi quam. Maxime distinctio nam expedita.,2025-10-18
319,255,Trabalho 1 - disintermediate interactive interfaces,At iste est odio perspiciatis. Atque est sit alias consequuntur.,2025-10-08
320,256,Trabalho 1 - unleash web-enabled supply-chains,Quibusdam praesentium magni labore. Hic illum fuga facere consequuntur excepturi molestias.,2025-09-27
321,256,Trabalho 2 - utilize value-added e-tailers,Laborum quod suscipit error assumenda. Quia ut itaque impedit. Fuga quae consequatur corrupti commodi non.,2025-10-11
322,257,Trabalho 1 - productize customized supply-chains,Accusamus architecto aperiam dignissimos id nam. Id perferendis cupiditate rerum animi.,2025-10-11
323,257,Trabalho 2 - harness transparent synergies,Corporis sequi error saepe dolorum dolores. Nisi fugiat fugiat quasi optio ratione.,2025-09-26
324,258,Trabalho 1 - re-contextualize 24/7 convergence,A mollitia mollitia quasi nam quae adipisci. Mollitia sed delectus nostrum. Ut reprehenderit possimus dignissimos iste.,2025-10-16
325,258,Trabalho 2 - utilize compelling e-services,Non iste temporibus asperiores quaerat dolorem veniam. Laborum nemo maxime in corporis velit quaerat quaerat. Eaque distinctio assumenda nesciunt repudiandae. Necessitatibus assumenda harum laboriosam cupiditate commodi.,2025-11-02
326,258,Trabalho 3 - e-enable B2B e-markets,Explicabo ea error atque maxime quibusdam quibusdam. Quos incidunt beatae vitae saepe impedit ipsa. Consequuntur iure harum velit fugit magnam blanditiis beatae.,2025-10-10
327,259,Trabalho 1 - reinvent world-class solutions,Dolorem ut animi eius incidunt earum sequi. Quisquam unde maxime assumenda iste architecto.,2025-11-03
328,259,Trabalho 2 - productize bleeding-edge niches,Mollitia quibusdam occaecati eaque id non doloribus. Veniam minima necessitatibus voluptatibus temporibus.,2025-10-19
329,259,Trabalho 3 - unleash dot-com e-services,Iste minima eius vitae beatae aliquid. Facilis numquam optio iure commodi nihil non.,2025-09-25
330,260,Trabalho 1 - incentivize revolutionary content,Voluptates in quos voluptatum optio perferendis natus sequi. Est omnis totam incidunt nam inventore. Vitae voluptatem cumque consectetur suscipit reprehenderit.,2025-10-18
331,261,Trabalho 1 - e-enable one-to-one experiences,Ex suscipit harum tempora illum nobis exercitationem natus. Assumenda pariatur quas voluptas culpa maiores ad. Expedita quisquam minima quasi optio.,2025-10-02
332,261,Trabalho 2 - repurpose user-centric e-commerce,Adipisci facere possimus veritatis quis quia. Tenetur dolor perferendis explicabo ipsum quidem commodi. Sint reiciendis unde ut fugiat sapiente harum.,2025-10-24
333,261,Trabalho 3 - e-enable collaborative channels,Inventore ad debitis eum quibusdam quibusdam ipsam dicta. Modi aliquam iste laboriosam culpa aliquam deleniti. Asperiores animi error autem sint.,2025-11-06
334,262,Trabalho 1 - cultivate granular info-mediaries,Impedit nobis ullam ipsum rem. Ullam eius voluptatem iure sint.,2025-10-24
335,263,Trabalho 1 - redefine granular e-tailers,Provident esse ratione placeat pariatur. Esse culpa debitis voluptatem vero. Doloremque nemo nihil aliquid ut.,2025-10-25
336,263,Trabalho 2 - benchmark next-generation bandwidth,Numquam harum impedit rem a ut delectus. Eligendi et soluta dignissimos nostrum libero natus.,2025-10-02
337,263,Trabalho 3 - engineer compelling convergence,Eligendi molestiae saepe molestiae dolor. Earum et nostrum fugiat. Repellendus exercitationem eaque quas.,2025-10-04
338,264,Trabalho 1 - maximize value-added mindshare,Dolore veritatis animi commodi nihil veritatis nihil. Eos dicta ipsa sapiente eaque.,2025-10-17
339,265,Trabalho 1 - empower virtual eyeballs,Consectetur quidem ad officia vitae eos nobis. Fuga labore assumenda nemo. Provident quasi vel quibusdam eligendi quos cupiditate.,2025-10-25
340,266,Trabalho 1 - evolve clicks-and-mortar action-items,Aperiam nulla et hic deleniti nesciunt. Illum quo quae praesentium.,2025-10-28
341,267,Trabalho 1 - incubate global channels,Dicta consectetur sapiente fugiat. Repellendus tenetur voluptates inventore sapiente exercitationem.,2025-10-11
342,267,Trabalho 2 - grow out-of-the-box content,Nesciunt tenetur nam quibusdam dolorem fuga.,2025-11-01
343,267,Trabalho 3 - grow front-end channels,Nobis nihil temporibus ipsam quisquam hic. Ad corporis ipsum fugit vitae.,2025-11-08
344,268,Trabalho 1 - evolve compelling info-mediaries,Incidunt quis necessitatibus excepturi. Consequuntur cumque illum harum.,2025-10-09
345,268,Trabalho 2 - implement plug-and-play e-business,Quos aspernatur quod vitae quasi excepturi. Soluta iure neque voluptates at ratione.,2025-10-20
346,268,Trabalho 3 - deploy holistic networks,Animi nostrum voluptatum possimus fuga illum asperiores. In facilis magni voluptates.,2025-10-09
347,269,Trabalho 1 - innovate global deliverables,Rem sit veritatis aut excepturi omnis. Tempora officia et ipsa beatae doloribus. Incidunt sit iure molestiae facere.,2025-10-19
348,269,Trabalho 2 - grow B2C e-business,Veritatis sunt ab tenetur in illo quas.,2025-10-17
349,270,Trabalho 1 - orchestrate out-of-the-box functionalities,Blanditiis accusantium animi recusandae quis hic unde aliquid. Numquam harum saepe expedita molestiae repellendus. Doloremque asperiores non quod exercitationem.,2025-10-12
350,271,Trabalho 1 - morph turn-key web services,Ex consectetur mollitia asperiores. Natus mollitia corporis facere fuga quo. Voluptatum vel laborum cumque voluptate quidem.,2025-10-26
351,271,Trabalho 2 - orchestrate clicks-and-mortar communities,Possimus odit placeat illo suscipit cupiditate ea error. Laborum in tempora ex rerum harum accusantium. Eum quod impedit.,2025-10-28
352,272,Trabalho 1 - optimize cross-platform bandwidth,Magni veniam natus neque molestias error. Dolorem fugit in porro.,2025-11-02
353,273,Trabalho 1 - scale innovative infrastructures,Velit qui quam quaerat. Commodi adipisci laboriosam impedit.,2025-10-22
354,273,Trabalho 2 - grow clicks-and-mortar synergies,Fugiat qui asperiores velit quis ipsam autem. Libero voluptas assumenda quibusdam. Quam vel excepturi culpa molestias.,2025-11-09
355,273,Trabalho 3 - expedite world-class web services,Amet nesciunt earum. Culpa hic voluptatem ad dicta accusamus aperiam.,2025-10-01
356,274,Trabalho 1 - repurpose distributed platforms,Iusto aperiam vel adipisci nulla. Sequi facere doloremque quos accusamus commodi quos possimus. Aliquid quidem saepe totam enim explicabo. Fugit non delectus iste consectetur harum facilis.,2025-11-05
357,275,Trabalho 1 - drive 24/365 platforms,Architecto cumque eligendi ab fugiat quaerat laborum. Officiis similique sapiente dolore. Quo aliquid nulla laudantium impedit corporis reprehenderit facilis.,2025-09-26
358,275,Trabalho 2 - synergize open-source e-services,Iusto repellat esse voluptatibus hic numquam velit. Deleniti quisquam voluptate earum nemo ipsum.,2025-11-03
359,276,Trabalho 1 - iterate viral vortals,Sint aut ab eveniet repudiandae. Enim maiores magnam consequuntur a. Consectetur quo nisi distinctio veniam ipsam sed.,2025-10-03
360,276,Trabalho 2 - benchmark value-added partnerships,Vitae natus dignissimos harum. Veniam praesentium magni nemo doloremque maiores est.,2025-11-07
361,277,Trabalho 1 - disintermediate open-source relationships,Eius quos fuga voluptas iste perspiciatis nemo. Illo provident similique omnis ducimus qui. Debitis est ab.,2025-10-29
362,277,Trabalho 2 - monetize impactful partnerships,Voluptate at nam aperiam cupiditate. Delectus vitae repellat nemo porro asperiores id. Totam tempore molestias molestiae veritatis est occaecati.,2025-10-12
363,278,Trabalho 1 - brand robust communities,Corporis possimus veritatis dolorem accusantium deserunt. Necessitatibus quaerat delectus reiciendis fugiat numquam. Provident sed illum quod perferendis.,2025-10-29
364,279,Trabalho 1 - engage vertical models,Exercitationem in officiis vitae eum. Quidem sequi officia repellat doloribus sunt commodi occaecati.,2025-10-04
365,279,Trabalho 2 - deploy web-enabled info-mediaries,Nemo neque earum nobis repudiandae. Adipisci dolor perferendis.,2025-09-25
366,280,Trabalho 1 - transition wireless ROI,Voluptatum possimus natus similique repellat dicta perferendis. Corrupti aut eius. Corrupti delectus fugit ad laborum non iusto.,2025-09-28
367,281,Trabalho 1 - facilitate intuitive solutions,Sint molestiae perspiciatis accusamus. Quasi id quas soluta illum ipsam ducimus. Nostrum placeat mollitia ullam maxime totam.,2025-11-05
368,281,Trabalho 2 - engage efficient models,Corporis sint ratione sit. Deleniti dolore consequuntur accusamus facere porro. Perferendis id cum sequi.,2025-11-04
369,281,Trabalho 3 - re-intermediate vertical models,Amet aliquam similique commodi. Occaecati distinctio quis facere quis soluta sint.,2025-10-18
370,282,Trabalho 1 - matrix frictionless initiatives,Quaerat iste laudantium praesentium. Occaecati quibusdam nemo rerum saepe.,2025-11-03
371,283,Trabalho 1 - optimize distributed models,Earum nobis excepturi modi suscipit aliquid eligendi in. Suscipit corporis dolore quas repudiandae.,2025-10-25
372,283,Trabalho 2 - re-contextualize interactive deliverables,Esse incidunt natus totam maiores placeat asperiores. Quas magnam harum ut modi labore. Temporibus similique quisquam.,2025-10-17
373,284,Trabalho 1 - enable user-centric applications,Commodi fugit velit inventore eligendi odit vel. Ab accusantium odit maiores distinctio. Neque ipsa accusantium atque omnis beatae.,2025-10-16
374,284,Trabalho 2 - leverage real-time action-items,Temporibus corporis natus totam soluta id. Quasi error odit sapiente laboriosam a.,2025-10-26
375,284,Trabalho 3 - brand bleeding-edge eyeballs,Blanditiis possimus explicabo nam. Tempore similique repellendus aliquid.,2025-10-10
376,285,Trabalho 1 - e-enable compelling e-commerce,Aliquid officia vitae dignissimos. Dolorum recusandae voluptatibus beatae dignissimos quae. Error minima quidem.,2025-11-08
377,285,Trabalho 2 - scale back-end schemas,Placeat expedita porro similique. Reprehenderit deserunt sunt exercitationem esse ipsam corrupti.,2025-10-20
378,285,Trabalho 3 - re-contextualize front-end bandwidth,Doloremque occaecati molestias quaerat recusandae nihil. Aut beatae adipisci repellat atque.,2025-10-10
379,286,Trabalho 1 - redefine killer e-tailers,Quo quia sit a et assumenda molestiae cumque. Dolores suscipit consectetur corrupti tenetur maiores.,2025-10-19
380,286,Trabalho 2 - leverage web-enabled bandwidth,Expedita molestiae numquam. Optio perspiciatis fugit minima molestias quibusdam consequuntur.,2025-09-27
381,287,Trabalho 1 - cultivate real-time convergence,Ipsum ut possimus nemo. Deserunt neque officia facilis.,2025-11-05
382,287,Trabalho 2 - enable real-time relationships,Magni esse sequi vero aperiam. Qui repellendus corrupti laudantium fugit maxime. Ea amet et labore nihil reprehenderit.,2025-09-25
383,288,Trabalho 1 - transform world-class users,Delectus libero consectetur necessitatibus commodi veritatis sunt provident. Ad fugiat iste tempore praesentium.,2025-10-04
384,289,Trabalho 1 - engage intuitive deliverables,Quos sit vel dolorum non. Molestiae ea necessitatibus sequi.,2025-11-07
385,289,Trabalho 2 - iterate robust partnerships,Quia pariatur velit quos. Exercitationem aspernatur dolore placeat saepe officiis. Exercitationem aperiam aut repellendus assumenda sit explicabo fugiat.,2025-10-30
386,289,Trabalho 3 - drive wireless deliverables,Sint necessitatibus nisi aliquid. Cum laboriosam magnam soluta. Nisi quidem delectus molestiae animi laborum. Molestiae esse explicabo doloremque totam quae quos.,2025-10-08
387,290,Trabalho 1 - deploy proactive convergence,Eaque quaerat perspiciatis exercitationem modi porro illum. Excepturi iure alias. Maxime ipsum odit inventore accusantium ipsum.,2025-10-08
388,290,Trabalho 2 - harness e-business models,Amet dolore voluptates voluptas eius. Enim autem ipsa neque.,2025-10-23
389,290,Trabalho 3 - deploy dynamic markets,Maiores autem pariatur perspiciatis doloribus cupiditate. Suscipit labore ipsum doloribus.,2025-11-05
390,291,Trabalho 1 - unleash global deliverables,Totam explicabo exercitationem. Harum laborum maxime explicabo. Numquam voluptas necessitatibus odit.,2025-09-29
391,291,Trabalho 2 - redefine dynamic paradigms,Alias a iure nisi tempora aspernatur quidem. Minima ad impedit ducimus.,2025-10-22
392,291,Trabalho 3 - benchmark back-end deliverables,Hic earum eos consequatur. Autem dicta optio animi eos ducimus pariatur. Ad quos impedit vero.,2025-10-23
393,292,Trabalho 1 - engage value-added users,Unde ad ullam reiciendis vero. At aliquid temporibus perspiciatis dolorem.,2025-10-03
394,292,Trabalho 2 - visualize next-generation functionalities,Asperiores nobis aspernatur commodi iusto temporibus. Unde occaecati odio.,2025-10-05
395,293,Trabalho 1 - utilize wireless eyeballs,Magni officiis neque minima. Voluptatibus error voluptatibus.,2025-10-21
396,293,Trabalho 2 - integrate compelling supply-chains,Optio facilis harum aliquam praesentium in. Autem incidunt cumque veritatis cupiditate. Optio iusto nihil libero praesentium maxime placeat. Sit autem aut ducimus commodi aut.,2025-09-29
397,293,Trabalho 3 - implement viral experiences,Perspiciatis excepturi consectetur amet provident nihil temporibus. Totam quae doloribus at quasi voluptas. Cumque at nemo nostrum natus.,2025-10-17
398,294,Trabalho 1 - mesh compelling platforms,Eveniet blanditiis vero odio minima sed nam est. Est unde itaque culpa officia culpa corrupti.,2025-10-13
399,294,Trabalho 2 - architect seamless paradigms,Cumque accusantium quam maiores odit corporis officiis quaerat.,2025-10-08
400,295,Trabalho 1 - architect virtual info-mediaries,Dolorum laboriosam blanditiis repudiandae dolorum sequi excepturi aliquid. Rem explicabo adipisci harum iusto suscipit accusantium. Repellat doloribus voluptatibus ipsa temporibus. Incidunt illum nisi nostrum nobis odit ad illum.,2025-10-26
401,296,Trabalho 1 - implement virtual channels,Quidem fugit quasi tenetur modi. Deserunt neque distinctio expedita sunt temporibus dolore. Sit fugiat molestiae neque est dolorem animi.,2025-10-29
402,296,Trabalho 2 - re-intermediate killer mindshare,Alias repudiandae repellat corporis sit. Laborum magni ipsam officia expedita fugit voluptatum.,2025-11-06
403,297,Trabalho 1 - engage 24/365 mindshare,Optio sed culpa dolorem quisquam nemo. Est explicabo commodi deserunt beatae.,2025-11-02
404,298,Trabalho 1 - extend bricks-and-clicks e-markets,Itaque corporis debitis temporibus voluptates expedita est. Occaecati voluptate iste porro quidem.,2025-10-07
405,299,Trabalho 1 - syndicate wireless communities,Incidunt aperiam libero. Ea iure ipsum soluta quasi expedita.,2025-11-08
406,299,Trabalho 2 - matrix magnetic relationships,Quo dolorum repellat quaerat iusto vitae natus. Amet dicta temporibus recusandae occaecati officiis. Beatae eveniet doloremque.,2025-10-27
407,299,Trabalho 3 - transition holistic deliverables,Quos earum dolorum tenetur sed exercitationem. Aliquam debitis amet unde doloribus. Quas consequuntur voluptates quasi perspiciatis illo velit.,2025-09-29
408,300,Trabalho 1 - deploy dynamic e-tailers,Illum animi quibusdam neque. Quas sequi distinctio excepturi numquam voluptatem.,2025-10-26
